Batch Index,Time
0,0.234881
1,0.067075
2,0.050479
3,0.011804
4,0.011464
5,0.011543
6,0.011192
7,0.011843
8,0.01126
9,0.011269
10,0.011211
11,0.011356
12,0.011293
13,0.011672
14,0.01115
15,0.011297
16,0.011649
17,0.011136
18,0.011344
19,0.011148
20,0.011289
21,0.011273
22,0.011405
23,0.011345
24,0.01119
25,0.011505
26,0.011277
27,0.011231
28,0.011534
29,0.011212
30,0.011246
31,0.011419
32,0.011329
33,0.011272
34,0.01141
35,0.011262
36,0.011276
37,0.011378
38,0.011306
39,0.011337
40,0.011461
41,0.011271
42,0.011299
43,0.01146
44,0.01141
45,0.015834
46,0.011278
47,0.011396
48,0.011255
49,0.011396
50,0.011359
51,0.011345
52,0.011589
53,0.011281
54,0.011355
55,0.01142
56,0.011334
57,0.011541
58,0.011437
59,0.011352
60,0.011391
61,0.011356
62,0.011517
63,0.011387
64,0.01161
65,0.011749
66,0.011771
67,0.011501
68,0.01165
69,0.011397
70,0.011334
71,0.011578
72,0.0113
73,0.011414
74,0.011386
75,0.011352
76,0.011434
77,0.011306
78,0.011459
79,0.011483
80,0.011346
81,0.011584
82,0.050743
83,0.011543
84,0.011601
85,0.011301
86,0.011399
87,0.011342
88,0.011397
89,0.011544
90,0.011325
91,0.011605
92,0.011375
93,0.011643
94,0.011344
95,0.011529
96,0.011349
97,0.011415
98,0.011488
99,0.011393
100,0.011808
101,0.011566
102,0.011924
103,0.011308
104,0.053558
105,0.055953
106,0.012141
107,0.011355
108,0.011428
109,0.051515
110,0.058612
111,0.055558
112,0.011541
113,0.011469
114,0.011555
115,0.011376
116,0.011626
117,0.012938
118,0.011311
119,0.011434
120,0.056349
121,0.011404
122,0.011403
123,0.011192
124,0.011282
125,0.011384
126,0.011283
127,0.011181
128,0.0113
129,0.011356
130,0.011223
131,0.011219
132,0.011334
133,0.011335
134,0.011275
135,0.01147
136,0.011281
137,0.011239
138,0.011448
139,0.011284
140,0.011246
141,0.011369
142,0.011361
143,0.011394
144,0.011408
145,0.011271
146,0.011295
147,0.011436
148,0.011296
149,0.011275
150,0.01137
151,0.011281
152,0.011361
153,0.01139
154,0.011343
155,0.011519
156,0.011343
157,0.011326
158,0.011374
159,0.011317
160,0.011358
161,0.011395
162,0.011321
163,0.011386
164,0.011385
165,0.011368
166,0.01141
167,0.011311
168,0.011371
169,0.011461
170,0.011458
171,0.011572
172,0.011361
173,0.011516
174,0.011327
175,0.011512
176,0.011446
177,0.011383
178,0.011415
179,0.011403
180,0.011534
181,0.011365
182,0.011436
183,0.01137
184,0.011418
185,0.01146
186,0.011374
187,0.011535
188,0.012791
189,0.01456
190,0.011653
191,0.011476
192,0.011456
193,0.054818
194,0.011532
195,0.01155
196,0.011261
197,0.011355
198,0.011432
199,0.011377
200,0.011618
201,0.011815
202,0.011358
203,0.011341
204,0.011388
205,0.011328
206,0.011359
207,0.012915
208,0.011383
209,0.011343
210,0.011392
211,0.011307
212,0.011412
213,0.011409
214,0.01138
215,0.055707
216,0.011523
217,0.011529
218,0.011413
219,0.011494
220,0.011334
221,0.011363
222,0.011393
223,0.080819
224,0.070621
225,0.01158
226,0.011415
227,0.077909
228,0.011511
229,0.011472
230,0.01143
231,0.011366
232,0.011468
233,0.011519
234,0.011548
235,0.011296
236,0.011395
237,0.011379
238,0.011269
239,0.011376
240,0.01144
241,0.011435
242,0.011548
243,0.011322
244,0.011825
245,0.01132
246,0.011406
247,0.065841
248,0.011389
249,0.011307
250,0.01134
251,0.011349
252,0.011235
253,0.011463
254,0.011285
255,0.011359
256,0.011446
257,0.011264
258,0.011509
259,0.011288
260,0.011385
261,0.011512
262,0.011329
263,0.011521
264,0.011296
265,0.011367
266,0.01142
267,0.011316
268,0.011522
269,0.011389
270,0.011319
271,0.011479
272,0.055333
273,0.011508
274,0.011365
275,0.011313
276,0.011379
277,0.0114
278,0.011447
279,0.01134
280,0.014905
281,0.011401
282,0.011467
283,0.011347
284,0.011474
285,0.01141
286,0.011341
287,0.011479
288,0.011347
289,0.011604
290,0.011395
291,0.011496
292,0.060758
293,0.011551
294,0.01153
295,0.011375
296,0.011507
297,0.011384
298,0.011393
299,0.011494
300,0.011372
301,0.011861
302,0.011369
303,0.011463
304,0.011498
305,0.061045
306,0.011556
307,0.011358
308,0.011395
309,0.011412
310,0.011395
311,0.011346
312,0.011345
313,0.051136
314,0.016469
315,0.011381
316,0.011406
317,0.011352
318,0.011377
319,0.011346
320,0.011476
321,0.011532
322,0.011407
323,0.011413
324,0.011415
325,0.011432
326,0.011331
327,0.012744
328,0.011326
329,0.011333
330,0.061658
331,0.011543
332,0.011416
333,0.011329
334,0.011541
335,0.011335
336,0.011488
337,0.0113
338,0.011325
339,0.011545
340,0.011298
341,0.011536
342,0.013268
343,0.011352
344,0.011439
345,0.011247
346,0.011325
347,0.011327
348,0.011318
349,0.011337
350,0.011274
351,0.011339
352,0.01128
353,0.011438
354,0.011324
355,0.011274
356,0.011514
357,0.011367
358,0.011523
359,0.011352
360,0.011426
361,0.011473
362,0.011297
363,0.011399
364,0.011367
365,0.011316
366,0.011437
367,0.011429
368,0.011517
369,0.011346
370,0.01144
371,0.011379
372,0.011423
373,0.01144
374,0.011507
375,0.011474
376,0.011474
377,0.011529
378,0.061602
379,0.01154
380,0.011383
381,0.050924
382,0.011592
383,0.011368
384,0.011369
385,0.011342
386,0.011267
387,0.011403
388,0.011308
389,0.064877
390,0.011545
391,0.011369
392,0.01138
393,0.011489
394,0.011299
395,0.011755
396,0.011326
397,0.011491
398,0.011349
399,0.011326
400,0.011451
401,0.011404
402,0.011461
403,0.011366
404,0.011338
405,0.011418
406,0.011383
407,0.011412
408,0.011456
409,0.07095
410,0.011567
411,0.011453
412,0.01146
413,0.01146
414,0.011321
415,0.054099
416,0.01144
417,0.011354
418,0.011344
419,0.011312
420,0.057287
421,0.011517
422,0.011323
423,0.011322
424,0.011384
425,0.011287
426,0.011737
427,0.011326
428,0.011477
429,0.011332
430,0.011294
431,0.011395
432,0.01138
433,0.01154
434,0.011337
435,0.011412
436,0.011405
437,0.011348
438,0.011443
439,0.052104
440,0.011538
441,0.071301
442,0.011363
443,0.011394
444,0.011318
445,0.011393
446,0.011498
447,0.011359
448,0.011354
449,0.011371
450,0.011396
451,0.011449
452,0.011376
453,0.011387
454,0.011465
455,0.011364
456,0.011447
457,0.011367
458,0.01141
459,0.01135
460,0.011476
461,0.012941
462,0.011396
463,0.011379
464,0.011215
465,0.011557
466,0.011444
467,0.011389
468,0.011459
469,0.011779
470,0.011362
471,0.011465
472,0.011344
473,0.011551
474,0.011338
475,0.070441
476,0.013014
477,0.01137
478,0.011328
479,0.011544
480,0.011347
481,0.011511
482,0.011344
483,0.0114
484,0.011417
485,0.011316
486,0.011421
487,0.011406
488,0.011318
489,0.011412
490,0.059762
491,0.01151
492,0.011412
493,0.012493
494,0.01143
495,0.011964
496,0.011445
497,0.011343
498,0.058424
499,0.011425
500,0.011303
501,0.011299
502,0.01128
503,0.011266
504,0.011539
505,0.011336
506,0.011299
507,0.01132
508,0.011311
509,0.011315
510,0.011366
511,0.01132
512,0.011307
513,0.011388
514,0.011347
515,0.011733
516,0.011363
517,0.011554
518,0.011325
519,0.011499
520,0.011354
521,0.01133
522,0.011466
523,0.011347
524,0.011521
525,0.011355
526,0.011352
527,0.011396
528,0.011333
529,0.052169
530,0.013259
531,0.011395
532,0.011275
533,0.011483
534,0.011275
535,0.011266
536,0.01141
537,0.011357
538,0.011327
539,0.011365
540,0.011354
541,0.011703
542,0.011352
543,0.011548
544,0.011304
545,0.011416
546,0.011343
547,0.011332
548,0.011498
549,0.01133
550,0.011408
551,0.011399
552,0.011326
553,0.011773
554,0.011307
555,0.012589
556,0.011369
557,0.0115
558,0.011339
559,0.011314
560,0.011445
561,0.011349
562,0.011514
563,0.011358
564,0.011431
565,0.011374
566,0.011425
567,0.011589
568,0.011442
569,0.011479
570,0.013063
571,0.011374
572,0.011454
573,0.011291
574,0.0113
575,0.011384
576,0.011359
577,0.011695
578,0.011353
579,0.011513
580,0.011427
581,0.011536
582,0.011408
583,0.01154
584,0.011352
585,0.011529
586,0.011414
587,0.01135
588,0.011495
589,0.011416
590,0.012755
591,0.012619
592,0.01044
593,0.010546
594,0.010476
595,0.010598
596,0.01063
597,0.010538
598,0.010801
599,0.010617
600,0.010613
601,0.010577
602,0.010591
603,0.010818
604,0.010614
605,0.010524
606,0.010639
607,0.010546
608,0.010637
609,0.010839
610,0.010581
611,0.012045
612,0.010518
613,0.011635
614,0.010586
615,0.010594
616,0.010563
617,0.010557
618,0.010636
619,0.010572
620,0.010874
621,0.010624
622,0.013476
623,0.010866
624,0.010815
625,0.010554
626,0.010548
627,0.010506
628,0.010506
629,0.010602
630,0.010729
631,0.010613
632,0.010552
633,0.015438
634,0.010632
635,0.010573
636,0.01059
637,0.010572
638,0.010601
639,0.013882
640,0.011328
641,0.011829
642,0.011503
643,0.011481
644,0.011266
645,0.011425
646,0.011503
647,0.011496
648,0.011475
649,0.011543
650,0.011526
651,0.011588
652,0.011375
653,0.011645
654,0.011472
655,0.011532
656,0.011468
657,0.011444
658,0.011347
659,0.01163
660,0.011336
661,0.011422
662,0.011398
663,0.011365
664,0.011533
665,0.011656
666,0.011388
667,0.011389
668,0.011511
669,0.011378
670,0.012587
671,0.011439
672,0.011654
673,0.011429
674,0.011526
675,0.011415
676,0.01143
677,0.062718
678,0.011534
679,0.011298
680,0.011387
681,0.011419
682,0.011487
683,0.011417
684,0.011296
685,0.011415
686,0.011367
687,0.011731
688,0.011439
689,0.011398
690,0.011353
691,0.011427
692,0.011363
693,0.011455
694,0.01144
695,0.011399
696,0.01163
697,0.011353
698,0.011577
699,0.011383
700,0.011558
701,0.011503
702,0.011537
703,0.013091
704,0.016024
705,0.011387
706,0.011457
707,0.011349
708,0.011406
709,0.011511
710,0.011321
711,0.01145
712,0.011405
713,0.011509
714,0.011423
715,0.011587
716,0.011591
717,0.011499
718,0.011524
719,0.011458
720,0.012916
721,0.011425
722,0.012616
723,0.011473
724,0.011499
725,0.011401
726,0.011563
727,0.011363
728,0.011633
729,0.011441
730,0.011465
731,0.012554
732,0.011562
733,0.011407
734,0.011447
735,0.01136
736,0.011386
737,0.011448
738,0.011427
739,0.011428
740,0.01148
741,0.011711
742,0.011362
743,0.011438
744,0.011493
745,0.011483
746,0.011514
747,0.011532
748,0.011633
749,0.01166
750,0.011775
751,0.011428
752,0.01244
753,0.011385
754,0.011698
755,0.011389
756,0.011412
757,0.011393
758,0.011546
759,0.011325
760,0.011458
761,0.011506
762,0.011414
763,0.011512
764,0.011409
765,0.011502
766,0.011436
767,0.011469
768,0.013054
769,0.011372
770,0.01157
771,0.01144
772,0.011455
773,0.011383
774,0.011359
775,0.011453
776,0.011397
777,0.01148
778,0.011481
779,0.011453
780,0.01143
781,0.011661
782,0.01136
783,0.01155
784,0.011377
785,0.011597
786,0.012867
787,0.011344
788,0.011494
789,0.011398
790,0.011393
791,0.011435
792,0.011431
793,0.011781
794,0.011389
795,0.011409
796,0.011405
797,0.011476
798,0.01154
799,0.013029
800,0.011749
801,0.011364
802,0.011458
803,0.011351
804,0.011507
805,0.011509
806,0.011659
807,0.011304
808,0.011709
809,0.011385
810,0.012682
811,0.011388
812,0.011542
813,0.01141
814,0.011575
815,0.011382
816,0.011638
817,0.011496
818,0.011453
819,0.011435
820,0.01158
821,0.011438
822,0.011398
823,0.011392
824,0.011579
825,0.011382
826,0.011846
827,0.011467
828,0.011439
829,0.012801
830,0.011362
831,0.011368
832,0.011343
833,0.011367
834,0.011666
835,0.011357
836,0.011577
837,0.011403
838,0.066881
839,0.011539
840,0.011362
841,0.011416
842,0.011445
843,0.011383
844,0.011474
845,0.011338
846,0.011269
847,0.011503
848,0.012625
849,0.011395
850,0.011379
851,0.011434
852,0.011392
853,0.011448
854,0.011356
855,0.011383
856,0.011424
857,0.011371
858,0.01142
859,0.011344
860,0.011358
861,0.011378
862,0.0114
863,0.0114
864,0.011413
865,0.01145
866,0.011478
867,0.011517
868,0.011423
869,0.011365
870,0.054476
871,0.011542
872,0.011795
873,0.01133
874,0.011506
875,0.012555
876,0.011388
877,0.011318
878,0.011596
879,0.011359
880,0.011352
881,0.011396
882,0.011312
883,0.011613
884,0.011386
885,0.011474
886,0.011394
887,0.011337
888,0.012179
889,0.011508
890,0.011328
891,0.011444
892,0.011386
893,0.01144
894,0.011405
895,0.01159
896,0.056731
897,0.011568
898,0.011334
899,0.01139
900,0.01139
901,0.011471
902,0.011392
903,0.01138
904,0.011429
905,0.011397
906,0.011454
907,0.011505
908,0.012557
909,0.011449
910,0.011494
911,0.011461
912,0.011599
913,0.011377
914,0.011518
915,0.011476
916,0.011685
917,0.011743
918,0.011499
919,0.011702
920,0.011439
921,0.011531
922,0.01149
923,0.012639
924,0.011539
925,0.011476
926,0.011389
927,0.011416
928,0.011419
929,0.010966
930,0.010533
931,0.010697
932,0.010537
933,0.010905
934,0.010606
935,0.010738
936,0.010588
937,0.010664
938,0.011807
939,0.011713
940,0.012933
941,0.011457
942,0.011466
943,0.011335
944,0.011471
945,0.011402
946,0.011447
947,0.011453
948,0.011466
949,0.011354
950,0.01143
951,0.011452
952,0.011318
953,0.011578
954,0.011468
955,0.011623
956,0.011545
957,0.011446
958,0.011514
959,0.011492
960,0.011435
961,0.011605
962,0.011498
963,0.068875
964,0.01062
965,0.010854
966,0.010569
967,0.010581
968,0.010512
969,0.01061
970,0.010566
971,0.010781
972,0.011257
973,0.011376
974,0.011409
975,0.063949
976,0.011527
977,0.011398
978,0.0114
979,0.011441
980,0.0114
981,0.011416
982,0.011463
983,0.011389
984,0.01147
985,0.011353
986,0.011371
987,0.011592
988,0.011327
989,0.011624
990,0.011384
991,0.012777
992,0.011423
993,0.011383
994,0.011361
995,0.01133
996,0.011416
997,0.011391
998,0.011473
999,0.011393
1000,0.011751
1001,0.011385
1002,0.011522
1003,0.011377
1004,0.012774
1005,0.01133
1006,0.011463
1007,0.011294
1008,0.011296
1009,0.011414
1010,0.01138
1011,0.011433
1012,0.011397
1013,0.011326
1014,0.011556
1015,0.011395
1016,0.011574
1017,0.011438
1018,0.011477
1019,0.011624
1020,0.011509
1021,0.011433
1022,0.011531
1023,0.01232
1024,0.012054
1025,0.011514
1026,0.011389
1027,0.012705
1028,0.011317
1029,0.011468
1030,0.011533
1031,0.011574
1032,0.011477
1033,0.060108
1034,0.01155
1035,0.011338
1036,0.051444
1037,0.011459
1038,0.011458
1039,0.011424
1040,0.01162
1041,0.011328
1042,0.011532
1043,0.011316
1044,0.01141
1045,0.01152
1046,0.011321
1047,0.011492
1048,0.011346
1049,0.011531
1050,0.011383
1051,0.012803
1052,0.013798
1053,0.011415
1054,0.011553
1055,0.062943
1056,0.011446
1057,0.011287
1058,0.011301
1059,0.011302
1060,0.011212
1061,0.0114
1062,0.011266
1063,0.011298
1064,0.011709
1065,0.011258
1066,0.011425
1067,0.011311
1068,0.01159
1069,0.011332
1070,0.011304
1071,0.011407
1072,0.01129
1073,0.011298
1074,0.01154
1075,0.011264
1076,0.01134
1077,0.011334
1078,0.011322
1079,0.011327
1080,0.011407
1081,0.011338
1082,0.011471
1083,0.011322
1084,0.011316
1085,0.011588
1086,0.011374
1087,0.011532
1088,0.011408
1089,0.011523
1090,0.011325
1091,0.011462
1092,0.01146
1093,0.011355
1094,0.011466
1095,0.011388
1096,0.011811
1097,0.01138
1098,0.011476
1099,0.011374
1100,0.011556
1101,0.011405
1102,0.011626
1103,0.011417
1104,0.011755
1105,0.012743
1106,0.011355
1107,0.011494
1108,0.011323
1109,0.011331
1110,0.011495
1111,0.011366
1112,0.011729
1113,0.011358
1114,0.011537
1115,0.011481
1116,0.01161
1117,0.020265
1118,0.011623
1119,0.011501
1120,0.011776
1121,0.011579
1122,0.011497
1123,0.011768
1124,0.01138
1125,0.011453
1126,0.011403
1127,0.011781
1128,0.011357
1129,0.01144
1130,0.011535
1131,0.01151
1132,0.011476
1133,0.011525
1134,0.011452
1135,0.011497
1136,0.011429
1137,0.011608
1138,0.011432
1139,0.073639
1140,0.011514
1141,0.011459
1142,0.061839
1143,0.011508
1144,0.01144
1145,0.011326
1146,0.011842
1147,0.01139
1148,0.011504
1149,0.013121
1150,0.011373
1151,0.012632
1152,0.011436
1153,0.013144
1154,0.011417
1155,0.012635
1156,0.011383
1157,0.011291
1158,0.011377
1159,0.011318
1160,0.01141
1161,0.012186
1162,0.011646
1163,0.011435
1164,0.012691
1165,0.011299
1166,0.011303
1167,0.011659
1168,0.011338
1169,0.011428
1170,0.011328
1171,0.011288
1172,0.011723
1173,0.011355
1174,0.011376
1175,0.011293
1176,0.011325
1177,0.011402
1178,0.011385
1179,0.011462
1180,0.011399
1181,0.011373
1182,0.011432
1183,0.011565
1184,0.011443
1185,0.011449
1186,0.011607
1187,0.011352
1188,0.011658
1189,0.011465
1190,0.011401
1191,0.011477
1192,0.011655
1193,0.011409
1194,0.011528
1195,0.011434
1196,0.01157
1197,0.011382
1198,0.011583
1199,0.011345
1200,0.011479
1201,0.013071
1202,0.011307
1203,0.011355
1204,0.011416
1205,0.011374
1206,0.011744
1207,0.011353
1208,0.011511
1209,0.011436
1210,0.011563
1211,0.011466
1212,0.011535
1213,0.011468
1214,0.011481
1215,0.011438
1216,0.011569
1217,0.011411
1218,0.01179
1219,0.011406
1220,0.012528
1221,0.011457
1222,0.073044
1223,0.011608
1224,0.011607
1225,0.011249
1226,0.011407
1227,0.011378
1228,0.011377
1229,0.011476
1230,0.011386
1231,0.011385
1232,0.011414
1233,0.011395
1234,0.011414
1235,0.011353
1236,0.011383
1237,0.011376
1238,0.011372
1239,0.01152
1240,0.011355
1241,0.011656
1242,0.011429
1243,0.011695
1244,0.011406
1245,0.011423
1246,0.011394
1247,0.01188
1248,0.011346
1249,0.011452
1250,0.011466
1251,0.01155
1252,0.011477
1253,0.05731
1254,0.011518
1255,0.011568
1256,0.011484
1257,0.012782
1258,0.011754
1259,0.012586
1260,0.011436
1261,0.011353
1262,0.011805
1263,0.011303
1264,0.011426
1265,0.011418
1266,0.011489
1267,0.011394
1268,0.011335
1269,0.011527
1270,0.01138
1271,0.012383
1272,0.011572
1273,0.011433
1274,0.012565
1275,0.011493
1276,0.012752
1277,0.011346
1278,0.011297
1279,0.011445
1280,0.011305
1281,0.011326
1282,0.011478
1283,0.011276
1284,0.011381
1285,0.011405
1286,0.011395
1287,0.011545
1288,0.011527
1289,0.011467
1290,0.011371
1291,0.011455
1292,0.0115
1293,0.011517
1294,0.011495
1295,0.011611
1296,0.011659
1297,0.011452
1298,0.011372
1299,0.011426
1300,0.011384
1301,0.011523
1302,0.011392
1303,0.011419
1304,0.011722
1305,0.011603
1306,0.011712
1307,0.014709
1308,0.012561
1309,0.011453
1310,0.011493
1311,0.011352
1312,0.011521
1313,0.011303
1314,0.011362
1315,0.011405
1316,0.011314
1317,0.011469
1318,0.011417
1319,0.011375
1320,0.011508
1321,0.011348
1322,0.011766
1323,0.011362
1324,0.011502
1325,0.011462
1326,0.011428
1327,0.011362
1328,0.011669
1329,0.011435
1330,0.011641
1331,0.011442
1332,0.011558
1333,0.011388
1334,0.011589
1335,0.011396
1336,0.011572
1337,0.013176
1338,0.011359
1339,0.011462
1340,0.011418
1341,0.01138
1342,0.011499
1343,0.011548
1344,0.01151
1345,0.020323
1346,0.011423
1347,0.011448
1348,0.011507
1349,0.011461
1350,0.011462
1351,0.011962
1352,0.01137
1353,0.011474
1354,0.011432
1355,0.011454
1356,0.011428
1357,0.011674
1358,0.011445
1359,0.011647
1360,0.011434
1361,0.011551
1362,0.011534
1363,0.01147
1364,0.011453
1365,0.01153
1366,0.011437
1367,0.011445
1368,0.011418
1369,0.01167
1370,0.011433
1371,0.012418
1372,0.012792
1373,0.01143
1374,0.011448
1375,0.011528
1376,0.011552
1377,0.01151
1378,0.011551
1379,0.011576
1380,0.011708
1381,0.011487
1382,0.011445
1383,0.011536
1384,0.012841
1385,0.011593
1386,0.011571
1387,0.011541
1388,0.011399
1389,0.011509
1390,0.076969
1391,0.011448
1392,0.011493
1393,0.011316
1394,0.011818
1395,0.011355
1396,0.011397
1397,0.011388
1398,0.011704
1399,0.011453
1400,0.011496
1401,0.011483
1402,0.011581
1403,0.011344
1404,0.011527
1405,0.011385
1406,0.011769
1407,0.011447
1408,0.01143
1409,0.011441
1410,0.011728
1411,0.011317
1412,0.011556
1413,0.012719
1414,0.011444
1415,0.011322
1416,0.01137
1417,0.011493
1418,0.011466
1419,0.011403
1420,0.011659
1421,0.011565
1422,0.011456
1423,0.011373
1424,0.011657
1425,0.011417
1426,0.011519
1427,0.013835
1428,0.011398
1429,0.01143
1430,0.011359
1431,0.011356
1432,0.011722
1433,0.011419
1434,0.011436
1435,0.011498
1436,0.011524
1437,0.01154
1438,0.011519
1439,0.011419
1440,0.011565
1441,0.011372
1442,0.011465
1443,0.011389
1444,0.012639
1445,0.011374
1446,0.011018
1447,0.01076
1448,0.010713
1449,0.010557
1450,0.010571
1451,0.010554
1452,0.01054
1453,0.010565
1454,0.010771
1455,0.011305
1456,0.01153
1457,0.011629
1458,0.01152
1459,0.01167
1460,0.011391
1461,0.011521
1462,0.011474
1463,0.011552
1464,0.011516
1465,0.0114
1466,0.011428
1467,0.011647
1468,0.016734
1469,0.011443
1470,0.011553
1471,0.011307
1472,0.011428
1473,0.011424
1474,0.011479
1475,0.011484
1476,0.011401
1477,0.011557
1478,0.011433
1479,0.011612
1480,0.011391
1481,0.011585
1482,0.011487
1483,0.01154
1484,0.01153
1485,0.023135
1486,0.059747
1487,0.011571
1488,0.011405
1489,0.011417
1490,0.012829
1491,0.011379
1492,0.011435
1493,0.012563
1494,0.011335
1495,0.012969
1496,0.011397
1497,0.011357
1498,0.011312
1499,0.011397
1500,0.0115
1501,0.011471
1502,0.011438
1503,0.011579
1504,0.011377
1505,0.011669
1506,0.012681
1507,0.011511
1508,0.011334
1509,0.011372
1510,0.011412
1511,0.011496
1512,0.01139
1513,0.011669
1514,0.011541
1515,0.011451
1516,0.011393
1517,0.011581
1518,0.011322
1519,0.011386
1520,0.011474
1521,0.011323
1522,0.011457
1523,0.011366
1524,0.011534
1525,0.011433
1526,0.017623
1527,0.011322
1528,0.011301
1529,0.011293
1530,0.011486
1531,0.011528
1532,0.011364
1533,0.011393
1534,0.011429
1535,0.01145
1536,0.01137
1537,0.011416
1538,0.011625
1539,0.011588
1540,0.011502
1541,0.011425
1542,0.011535
1543,0.011475
1544,0.011526
1545,0.011409
1546,0.011509
1547,0.011511
1548,0.011523
1549,0.011374
1550,0.011736
1551,0.011404
1552,0.011468
1553,0.011423
1554,0.011477
1555,0.011505
1556,0.011614
1557,0.013354
1558,0.01164
1559,0.016172
1560,0.01131
1561,0.011404
1562,0.011386
1563,0.01156
1564,0.011426
1565,0.01154
1566,0.011428
1567,0.011531
1568,0.011351
1569,0.011477
1570,0.011406
1571,0.011495
1572,0.011371
1573,0.011393
1574,0.011699
1575,0.011403
1576,0.011501
1577,0.011501
1578,0.011453
1579,0.011401
1580,0.011642
1581,0.011463
1582,0.011511
1583,0.011464
1584,0.011486
1585,0.011441
1586,0.011551
1587,0.011351
1588,0.011485
1589,0.011375
1590,0.011383
1591,0.011589
1592,0.011416
1593,0.011522
1594,0.011512
1595,0.011515
1596,0.011465
1597,0.011426
1598,0.012945
1599,0.011456
1600,0.011524
1601,0.011456
1602,0.011422
1603,0.01148
1604,0.012767
1605,0.011365
1606,0.013247
1607,0.011442
1608,0.011467
1609,0.011334
1610,0.011351
1611,0.011793
1612,0.011393
1613,0.011589
1614,0.011444
1615,0.01151
1616,0.059506
1617,0.011497
1618,0.011413
1619,0.011457
1620,0.011425
1621,0.011365
1622,0.011432
1623,0.011583
1624,0.011387
1625,0.011562
1626,0.011283
1627,0.011436
1628,0.012614
1629,0.01244
1630,0.011362
1631,0.011368
1632,0.011378
1633,0.011292
1634,0.011396
1635,0.011478
1636,0.011325
1637,0.01145
1638,0.011375
1639,0.011342
1640,0.011457
1641,0.011341
1642,0.011763
1643,0.011441
1644,0.0114
1645,0.011414
1646,0.011754
1647,0.011399
1648,0.011413
1649,0.011385
1650,0.013269
1651,0.011373
1652,0.011366
1653,0.011515
1654,0.011357
1655,0.011494
1656,0.011366
1657,0.011548
1658,0.011605
1659,0.011748
1660,0.012755
1661,0.011395
1662,0.011377
1663,0.011439
1664,0.011388
1665,0.011592
1666,0.011523
1667,0.011459
1668,0.011404
1669,0.011501
1670,0.011393
1671,0.011634
1672,0.011316
1673,0.011547
1674,0.011488
1675,0.01176
1676,0.011359
1677,0.011516
1678,0.011368
1679,0.011589
1680,0.011411
1681,0.011661
1682,0.011531
1683,0.011462
1684,0.011577
1685,0.011371
1686,0.01143
1687,0.011479
1688,0.011444
1689,0.011502
1690,0.011465
1691,0.011689
1692,0.011463
1693,0.011505
1694,0.011486
1695,0.011409
1696,0.011505
1697,0.011581
1698,0.011422
1699,0.011602
1700,0.011389
1701,0.011576
1702,0.011473
1703,0.011442
1704,0.011459
1705,0.011574
1706,0.011444
1707,0.011459
1708,0.013135
1709,0.013543
1710,0.011522
1711,0.011377
1712,0.011352
1713,0.011436
1714,0.011826
1715,0.011405
1716,0.011496
1717,0.012116
1718,0.011332
1719,0.011381
1720,0.011339
1721,0.011382
1722,0.011562
1723,0.011512
1724,0.011593
1725,0.011745
1726,0.011472
1727,0.011402
1728,0.011472
1729,0.011444
1730,0.011448
1731,0.011755
1732,0.011475
1733,0.011522
1734,0.011376
1735,0.011545
1736,0.011421
1737,0.011486
1738,0.011447
1739,0.014099
1740,0.011635
1741,0.011375
1742,0.012506
1743,0.011498
1744,0.011776
1745,0.011694
1746,0.01139
1747,0.011687
1748,0.012953
1749,0.011445
1750,0.011498
1751,0.011349
1752,0.011557
1753,0.01138
1754,0.011735
1755,0.012674
1756,0.01158
1757,0.011514
1758,0.011462
1759,0.011562
1760,0.011408
1761,0.011558
1762,0.011399
1763,0.011583
1764,0.01141
1765,0.01165
1766,0.011435
1767,0.011681
1768,0.011451
1769,0.011575
1770,0.01156
1771,0.011527
1772,0.011495
1773,0.013077
1774,0.011358
1775,0.011459
1776,0.011601
1777,0.011356
1778,0.011492
1779,0.011336
1780,0.011397
1781,0.011359
1782,0.011468
1783,0.011437
1784,0.011429
1785,0.01143
1786,0.011386
1787,0.011607
1788,0.011369
1789,0.011701
1790,0.011509
1791,0.011485
1792,0.011386
1793,0.011422
1794,0.011583
1795,0.01154
1796,0.011513
1797,0.011464
1798,0.011427
1799,0.01159
1800,0.011466
1801,0.011531
1802,0.011486
1803,0.011521
1804,0.011414
1805,0.011543
1806,0.01145
1807,0.01154
1808,0.012798
1809,0.011418
1810,0.011448
1811,0.011319
1812,0.01286
1813,0.011329
1814,0.011364
1815,0.01134
1816,0.011376
1817,0.011152
1818,0.010518
1819,0.01061
1820,0.010694
1821,0.010801
1822,0.010582
1823,0.010562
1824,0.010628
1825,0.01056
1826,0.010589
1827,0.01192
1828,0.011436
1829,0.01164
1830,0.011466
1831,0.011509
1832,0.011489
1833,0.011621
1834,0.01146
1835,0.011487
1836,0.081923
1837,0.011528
1838,0.0114
1839,0.01129
1840,0.011682
1841,0.011359
1842,0.010873
1843,0.010762
1844,0.010518
1845,0.010628
1846,0.010564
1847,0.010597
1848,0.010566
1849,0.010561
1850,0.010476
1851,0.010487
1852,0.011593
1853,0.011407
1854,0.011447
1855,0.011357
1856,0.01182
1857,0.011389
1858,0.011446
1859,0.011595
1860,0.016255
1861,0.011419
1862,0.011775
1863,0.011397
1864,0.011422
1865,0.011393
1866,0.011465
1867,0.012934
1868,0.011417
1869,0.011459
1870,0.010881
1871,0.010535
1872,0.010637
1873,0.01071
1874,0.010757
1875,0.010597
1876,0.010594
1877,0.012035
1878,0.01063
1879,0.011495
1880,0.011649
1881,0.011401
1882,0.011489
1883,0.011392
1884,0.011441
1885,0.011468
1886,0.011594
1887,0.011795
1888,0.011382
1889,0.011385
1890,0.011435
1891,0.011479
1892,0.011695
1893,0.011407
1894,0.011582
1895,0.011448
1896,0.011424
1897,0.0115
1898,0.011482
1899,0.013035
1900,0.011387
1901,0.011479
1902,0.011409
1903,0.011669
1904,0.011505
1905,0.011406
1906,0.01139
1907,0.011501
1908,0.011391
1909,0.011614
1910,0.011452
1911,0.011004
1912,0.010619
1913,0.010627
1914,0.010616
1915,0.010663
1916,0.010576
1917,0.01056
1918,0.01064
1919,0.010627
1920,0.010597
1921,0.013195
1922,0.011479
1923,0.013022
1924,0.011415
1925,0.011373
1926,0.011446
1927,0.011416
1928,0.012619
1929,0.011413
1930,0.011468
1931,0.011329
1932,0.011328
1933,0.011408
1934,0.011352
1935,0.011428
1936,0.011384
1937,0.01129
1938,0.011416
1939,0.011355
1940,0.011368
1941,0.011404
1942,0.011472
1943,0.011462
1944,0.011502
1945,0.01152
1946,0.011435
1947,0.011508
1948,0.011492
1949,0.011543
1950,0.011477
1951,0.011575
1952,0.011392
1953,0.0116
1954,0.011415
1955,0.011577
1956,0.011447
1957,0.011481
1958,0.011366
1959,0.011598
1960,0.012749
1961,0.011505
1962,0.011526
1963,0.011449
1964,0.0115
1965,0.01154
1966,0.011855
1967,0.011576
1968,0.011461
1969,0.011457
1970,0.011562
1971,0.016276
1972,0.010681
1973,0.054483
1974,0.010684
1975,0.011419
1976,0.011374
1977,0.011425
1978,0.011484
1979,0.011424
1980,0.011363
1981,0.011364
1982,0.011581
1983,0.011332
1984,0.011377
1985,0.011357
1986,0.013843
1987,0.011363
1988,0.01137
1989,0.011464
1990,0.011309
1991,0.011486
1992,0.011383
1993,0.011354
1994,0.011532
1995,0.011387
1996,0.011405
1997,0.011502
1998,0.011453
1999,0.011452
2000,0.011678
2001,0.011438
2002,0.01143
2003,0.011451
2004,0.011515
2005,0.011447
2006,0.011663
2007,0.01148
2008,0.012688
2009,0.011458
2010,0.011509
2011,0.01146
2012,0.011443
2013,0.011459
2014,0.011722
2015,0.011476
2016,0.01142
2017,0.011509
2018,0.01195
2019,0.011538
2020,0.011547
2021,0.011586
2022,0.0117
2023,0.011426
2024,0.011602
2025,0.011474
2026,0.011435
2027,0.011554
2028,0.061226
2029,0.073616
2030,0.011778
2031,0.011393
2032,0.011393
2033,0.011484
2034,0.011438
2035,0.01141
2036,0.011636
2037,0.011475
2038,0.011476
2039,0.011392
2040,0.011517
2041,0.011529
2042,0.011475
2043,0.011438
2044,0.012759
2045,0.011356
2046,0.011505
2047,0.012356
2048,0.012469
2049,0.012844
2050,0.011375
2051,0.011436
2052,0.011461
2053,0.011937
2054,0.011505
2055,0.011451
2056,0.011489
2057,0.011603
2058,0.011477
2059,0.011472
2060,0.011484
2061,0.013141
2062,0.011396
2063,0.011523
2064,0.011429
2065,0.011492
2066,0.011463
2067,0.011507
2068,0.01147
2069,0.011551
2070,0.011578
2071,0.011528
2072,0.011521
2073,0.011505
2074,0.013004
2075,0.011432
2076,0.011533
2077,0.011497
2078,0.01154
2079,0.011521
2080,0.011505
2081,0.011468
2082,0.011438
2083,0.01259
2084,0.011433
2085,0.011458
2086,0.011507
2087,0.011453
2088,0.011499
2089,0.011479
2090,0.06406
2091,0.01168
2092,0.011465
2093,0.011534
2094,0.011527
2095,0.011507
2096,0.011523
2097,0.011492
2098,0.011488
2099,0.011676
2100,0.011479
2101,0.011492
2102,0.011455
2103,0.011445
2104,0.011503
2105,0.01138
2106,0.011536
2107,0.011468
2108,0.011499
2109,0.011596
2110,0.011463
2111,0.011426
2112,0.011629
2113,0.011573
2114,0.01155
2115,0.011421
2116,0.011527
2117,0.011474
2118,0.011452
2119,0.011522
2120,0.011457
2121,0.012997
2122,0.012861
2123,0.011405
2124,0.01149
2125,0.011496
2126,0.011502
2127,0.011523
2128,0.011521
2129,0.011624
2130,0.011587
2131,0.011444
2132,0.011531
2133,0.011515
2134,0.011574
2135,0.011442
2136,0.011502
2137,0.011507
2138,0.011438
2139,0.011562
2140,0.011448
2141,0.011465
2142,0.011532
2143,0.011481
2144,0.011564
2145,0.011452
2146,0.011499
2147,0.011472
2148,0.011397
2149,0.011518
2150,0.011457
2151,0.011496
2152,0.011492
2153,0.011412
2154,0.011489
2155,0.012039
2156,0.012858
2157,0.013892
2158,0.011589
2159,0.011514
2160,0.011563
2161,0.011475
2162,0.013727
2163,0.011506
2164,0.011413
2165,0.011493
2166,0.012934
2167,0.011442
2168,0.01143
2169,0.011481
2170,0.011451
2171,0.011639
2172,0.011454
2173,0.011749
2174,0.011617
2175,0.011506
2176,0.011596
2177,0.011464
2178,0.011622
2179,0.011483
2180,0.011547
2181,0.011492
2182,0.011503
2183,0.012951
2184,0.012778
2185,0.011456
2186,0.011585
2187,0.011644
2188,0.011487
2189,0.011431
2190,0.011631
2191,0.011374
2192,0.011552
2193,0.011451
2194,0.011582
2195,0.011428
2196,0.011564
2197,0.011453
2198,0.012512
2199,0.011414
2200,0.011584
2201,0.011427
2202,0.011573
2203,0.011523
2204,0.011481
2205,0.011494
2206,0.013865
2207,0.011657
2208,0.011498
2209,0.011432
2210,0.011418
2211,0.011482
2212,0.011424
2213,0.011516
2214,0.011444
2215,0.011737
2216,0.011435
2217,0.011482
2218,0.011464
2219,0.011653
2220,0.011405
2221,0.011662
2222,0.011568
2223,0.011467
2224,0.011601
2225,0.011553
2226,0.01164
2227,0.011486
2228,0.011724
2229,0.01161
2230,0.012869
2231,0.011344
2232,0.011432
2233,0.011451
2234,0.011492
2235,0.011621
2236,0.011424
2237,0.011459
2238,0.011386
2239,0.011565
2240,0.01145
2241,0.01152
2242,0.011414
2243,0.011566
2244,0.01147
2245,0.011678
2246,0.011401
2247,0.011477
2248,0.011577
2249,0.011517
2250,0.011476
2251,0.01245
2252,0.011634
2253,0.011581
2254,0.011707
2255,0.011516
2256,0.070805
2257,0.011739
2258,0.011526
2259,0.011442
2260,0.011504
2261,0.07421
2262,0.011743
2263,0.011646
2264,0.011754
2265,0.011553
2266,0.011492
2267,0.011508
2268,0.011565
2269,0.011555
2270,0.011527
2271,0.013489
2272,0.011655
2273,0.011525
2274,0.011435
2275,0.011621
2276,0.011396
2277,0.011524
2278,0.011523
2279,0.011376
2280,0.01145
2281,0.011636
2282,0.011436
2283,0.011556
2284,0.011419
2285,0.011647
2286,0.011427
2287,0.011558
2288,0.011509
2289,0.012323
2290,0.011437
2291,0.011703
2292,0.013094
2293,0.011427
2294,0.011484
2295,0.011666
2296,0.011537
2297,0.011721
2298,0.011825
2299,0.012714
2300,0.011539
2301,0.011475
2302,0.011461
2303,0.013377
2304,0.011453
2305,0.011621
2306,0.013142
2307,0.011529
2308,0.011485
2309,0.011496
2310,0.011474
2311,0.011515
2312,0.011518
2313,0.011564
2314,0.011688
2315,0.011451
2316,0.016435
2317,0.011637
2318,0.011594
2319,0.011412
2320,0.01146
2321,0.011622
2322,0.011586
2323,0.011722
2324,0.011477
2325,0.01146
2326,0.011437
2327,0.011628
2328,0.01144
2329,0.011616
2330,0.011499
2331,0.011497
2332,0.011437
2333,0.011661
2334,0.011437
2335,0.011608
2336,0.011572
2337,0.011642
2338,0.011844
2339,0.011701
2340,0.011525
2341,0.012781
2342,0.01146
2343,0.011416
2344,0.011361
2345,0.011505
2346,0.011383
2347,0.011477
2348,0.011437
2349,0.01167
2350,0.011416
2351,0.011534
2352,0.01146
2353,0.011653
2354,0.011463
2355,0.011462
2356,0.01143
2357,0.011656
2358,0.011471
2359,0.011618
2360,0.011455
2361,0.011524
2362,0.011657
2363,0.011429
2364,0.011565
2365,0.011437
2366,0.011683
2367,0.011394
2368,0.011489
2369,0.011507
2370,0.011585
2371,0.011504
2372,0.011424
2373,0.011488
2374,0.011639
2375,0.011584
2376,0.011431
2377,0.011491
2378,0.011486
2379,0.01153
2380,0.011445
2381,0.011472
2382,0.013067
2383,0.011496
2384,0.011612
2385,0.011452
2386,0.011689
2387,0.011588
2388,0.011563
2389,0.011491
2390,0.011505
2391,0.01157
2392,0.011454
2393,0.011514
2394,0.011568
2395,0.01179
2396,0.011469
2397,0.011632
2398,0.012912
2399,0.011406
2400,0.011474
2401,0.011519
2402,0.011609
2403,0.011515
2404,0.016533
2405,0.012902
2406,0.01149
2407,0.011531
2408,0.011507
2409,0.011509
2410,0.012996
2411,0.011494
2412,0.012718
2413,0.011467
2414,0.011416
2415,0.011588
2416,0.011365
2417,0.011463
2418,0.011385
2419,0.01143
2420,0.011457
2421,0.011437
2422,0.01161
2423,0.011512
2424,0.011513
2425,0.011437
2426,0.011519
2427,0.011541
2428,0.01143
2429,0.011411
2430,0.011475
2431,0.011468
2432,0.011381
2433,0.011596
2434,0.011582
2435,0.011554
2436,0.011455
2437,0.011647
2438,0.011515
2439,0.011518
2440,0.011421
2441,0.011415
2442,0.011417
2443,0.011507
2444,0.011446
2445,0.011513
2446,0.011638
2447,0.011419
2448,0.011462
2449,0.01154
2450,0.011575
2451,0.011463
2452,0.011499
2453,0.011584
2454,0.011571
2455,0.012535
2456,0.011403
2457,0.01161
2458,0.011429
2459,0.011668
2460,0.011426
2461,0.011647
2462,0.011374
2463,0.011644
2464,0.011383
2465,0.011716
2466,0.011424
2467,0.011403
2468,0.01165
2469,0.011504
2470,0.011433
2471,0.011521
2472,0.011404
2473,0.011753
2474,0.011658
2475,0.011521
2476,0.011593
2477,0.011586
2478,0.011786
2479,0.011553
2480,0.011564
2481,0.011778
2482,0.011615
2483,0.011613
2484,0.011552
2485,0.011479
2486,0.01156
2487,0.01151
2488,0.016286
2489,0.011511
2490,0.011513
2491,0.013125
2492,0.011536
2493,0.011367
2494,0.011518
2495,0.011394
2496,0.0114
2497,0.011559
2498,0.011563
2499,0.011413
2500,0.011515
2501,0.011542
2502,0.011401
2503,0.011491
2504,0.011613
2505,0.011503
2506,0.011572
2507,0.011573
2508,0.011689
2509,0.011452
2510,0.011451
2511,0.012479
2512,0.011632
2513,0.011435
2514,0.011513
2515,0.011462
2516,0.011603
2517,0.011559
2518,0.012795
2519,0.011597
2520,0.011417
2521,0.011446
2522,0.011405
2523,0.011631
2524,0.011421
2525,0.011675
2526,0.011561
2527,0.016319
2528,0.011452
2529,0.013315
2530,0.013683
2531,0.011576
2532,0.011363
2533,0.011463
2534,0.01142
2535,0.011408
2536,0.011629
2537,0.011603
2538,0.011446
2539,0.01157
2540,0.011391
2541,0.011595
2542,0.0114
2543,0.01158
2544,0.011499
2545,0.01147
2546,0.011414
2547,0.011555
2548,0.011527
2549,0.011503
2550,0.011394
2551,0.011617
2552,0.011402
2553,0.011633
2554,0.011448
2555,0.011534
2556,0.01142
2557,0.011572
2558,0.011551
2559,0.01144
2560,0.011547
2561,0.011502
2562,0.011564
2563,0.011615
2564,0.011538
2565,0.011516
2566,0.011644
2567,0.011467
2568,0.011574
2569,0.011404
2570,0.011521
2571,0.011411
2572,0.011691
2573,0.075115
2574,0.011628
2575,0.011456
2576,0.011702
2577,0.011461
2578,0.013132
2579,0.011728
2580,0.011494
2581,0.011512
2582,0.01164
2583,0.01139
2584,0.011598
2585,0.011405
2586,0.011528
2587,0.011485
2588,0.011376
2589,0.01147
2590,0.011489
2591,0.01137
2592,0.011474
2593,0.011654
2594,0.011768
2595,0.011376
2596,0.011615
2597,0.011424
2598,0.013692
2599,0.011556
2600,0.011395
2601,0.011391
2602,0.011389
2603,0.011432
2604,0.01157
2605,0.011378
2606,0.011451
2607,0.011469
2608,0.011567
2609,0.011507
2610,0.011501
2611,0.011393
2612,0.011646
2613,0.011403
2614,0.011561
2615,0.011437
2616,0.011587
2617,0.011456
2618,0.011639
2619,0.011455
2620,0.011605
2621,0.01148
2622,0.06243
2623,0.011618
2624,0.012131
2625,0.011382
2626,0.011577
2627,0.012803
2628,0.011498
2629,0.011468
2630,0.012716
2631,0.01162
2632,0.016031
2633,0.012576
2634,0.011482
2635,0.011396
2636,0.011519
2637,0.011393
2638,0.011571
2639,0.011551
2640,0.011495
2641,0.011512
2642,0.011564
2643,0.011421
2644,0.011712
2645,0.012792
2646,0.011476
2647,0.011441
2648,0.011369
2649,0.011614
2650,0.011325
2651,0.011528
2652,0.011343
2653,0.011301
2654,0.01157
2655,0.011562
2656,0.011367
2657,0.011397
2658,0.011428
2659,0.011406
2660,0.011462
2661,0.011444
2662,0.011433
2663,0.01149
2664,0.011411
2665,0.011438
2666,0.011461
2667,0.011459
2668,0.011383
2669,0.011732
2670,0.011577
2671,0.011482
2672,0.011516
2673,0.011444
2674,0.01158
2675,0.011509
2676,0.011468
2677,0.011649
2678,0.011592
2679,0.011487
2680,0.011595
2681,0.011487
2682,0.011469
2683,0.011425
2684,0.074329
2685,0.011729
2686,0.011544
2687,0.011507
2688,0.011586
2689,0.01135
2690,0.011489
2691,0.011723
2692,0.011432
2693,0.011493
2694,0.011677
2695,0.011594
2696,0.011467
2697,0.011597
2698,0.011723
2699,0.012658
2700,0.011529
2701,0.011471
2702,0.01162
2703,0.011432
2704,0.011454
2705,0.011386
2706,0.011696
2707,0.07467
2708,0.011777
2709,0.011643
2710,0.011427
2711,0.011596
2712,0.011427
2713,0.01149
2714,0.011513
2715,0.01146
2716,0.011504
2717,0.011492
2718,0.011381
2719,0.011536
2720,0.052271
2721,0.011668
2722,0.011377
2723,0.011675
2724,0.014786
2725,0.011474
2726,0.011626
2727,0.011468
2728,0.011558
2729,0.011445
2730,0.011469
2731,0.011463
2732,0.011561
2733,0.011472
2734,0.011573
2735,0.011372
2736,0.011573
2737,0.01141
2738,0.011511
2739,0.017434
2740,0.011586
2741,0.011405
2742,0.011459
2743,0.011546
2744,0.075099
2745,0.011747
2746,0.011629
2747,0.011657
2748,0.011596
2749,0.011464
2750,0.011465
2751,0.012947
2752,0.011404
2753,0.011556
2754,0.011391
2755,0.011417
2756,0.011481
2757,0.073536
2758,0.011881
2759,0.011478
2760,0.011521
2761,0.011367
2762,0.011392
2763,0.011465
2764,0.011415
2765,0.011518
2766,0.011447
2767,0.011597
2768,0.011456
2769,0.011778
2770,0.011545
2771,0.011472
2772,0.011542
2773,0.01145
2774,0.011556
2775,0.011568
2776,0.01156
2777,0.011545
2778,0.011511
2779,0.011512
2780,0.011426
2781,0.011517
2782,0.011622
2783,0.01145
2784,0.011479
2785,0.011355
2786,0.013557
2787,0.011398
2788,0.011569
2789,0.011559
2790,0.011409
2791,0.011586
2792,0.011464
2793,0.014784
2794,0.011447
2795,0.011539
2796,0.011658
2797,0.011791
2798,0.011605
2799,0.011649
2800,0.012839
2801,0.011594
2802,0.012931
2803,0.011529
2804,0.01155
2805,0.011908
2806,0.011701
2807,0.011591
2808,0.011556
2809,0.011484
2810,0.011683
2811,0.011561
2812,0.011613
2813,0.011576
2814,0.011424
2815,0.011736
2816,0.016599
2817,0.011773
2818,0.011463
2819,0.011435
2820,0.011699
2821,0.011437
2822,0.011556
2823,0.011534
2824,0.011496
2825,0.011574
2826,0.011411
2827,0.011548
2828,0.052846
2829,0.011766
2830,0.01161
2831,0.011366
2832,0.011469
2833,0.011589
2834,0.011507
2835,0.011509
2836,0.011741
2837,0.01163
2838,0.011555
2839,0.011503
2840,0.0128
2841,0.011574
2842,0.011441
2843,0.011572
2844,0.01158
2845,0.011538
2846,0.011555
2847,0.011412
2848,0.011487
2849,0.011831
2850,0.011436
2851,0.011433
2852,0.011452
2853,0.011367
2854,0.011527
2855,0.011442
2856,0.011605
2857,0.01153
2858,0.011593
2859,0.011606
2860,0.011586
2861,0.011489
2862,0.013666
2863,0.011641
2864,0.011466
2865,0.011455
2866,0.011545
2867,0.011594
2868,0.011475
2869,0.011644
2870,0.011521
2871,0.011792
2872,0.011711
2873,0.011681
2874,0.01159
2875,0.011412
2876,0.011473
2877,0.011515
2878,0.011567
2879,0.011398
2880,0.011457
2881,0.011605
2882,0.011563
2883,0.011447
2884,0.011513
2885,0.011632
2886,0.01152
2887,0.011538
2888,0.011625
2889,0.023407
2890,0.013412
2891,0.01163
2892,0.011496
2893,0.011679
2894,0.011584
2895,0.01151
2896,0.011561
2897,0.011517
2898,0.011615
2899,0.011581
2900,0.011448
2901,0.011629
2902,0.011404
2903,0.012637
2904,0.011511
2905,0.011725
2906,0.011437
2907,0.012995
2908,0.011602
2909,0.011541
2910,0.012856
2911,0.011528
2912,0.011521
2913,0.011529
2914,0.011501
2915,0.011556
2916,0.011619
2917,0.012432
2918,0.011586
2919,0.011538
2920,0.011473
2921,0.011465
2922,0.011548
2923,0.011413
2924,0.011364
2925,0.011486
2926,0.011583
2927,0.011548
2928,0.011528
2929,0.011434
2930,0.011492
2931,0.011564
2932,0.011457
2933,0.011408
2934,0.011576
2935,0.011359
2936,0.011454
2937,0.011547
2938,0.011652
2939,0.011565
2940,0.01145
2941,0.011441
2942,0.011437
2943,0.011594
2944,0.011374
2945,0.011403
2946,0.011605
2947,0.011568
2948,0.011589
2949,0.013332
2950,0.011595
2951,0.011534
2952,0.011564
2953,0.011517
2954,0.011495
2955,0.012779
2956,0.011615
2957,0.011562
2958,0.011596
2959,0.011586
2960,0.011618
2961,0.011534
2962,0.013199
2963,0.011546
2964,0.011464
2965,0.011373
2966,0.011498
2967,0.011508
2968,0.011627
2969,0.011498
2970,0.011468
2971,0.011442
2972,0.011587
2973,0.011618
2974,0.011749
2975,0.011378
2976,0.01146
2977,0.011403
2978,0.011553
2979,0.011355
2980,0.011465
2981,0.01151
2982,0.011617
2983,0.011426
2984,0.011648
2985,0.011499
2986,0.011593
2987,0.01145
2988,0.011569
2989,0.01163
2990,0.01156
2991,0.011412
2992,0.011534
2993,0.011667
2994,0.011608
2995,0.012982
2996,0.011562
2997,0.011416
2998,0.011707
2999,0.011518
3000,0.0115
3001,0.01162
3002,0.011363
3003,0.011603
3004,0.011554
3005,0.011565
3006,0.011548
3007,0.011433
3008,0.011642
3009,0.011515
3010,0.011594
3011,0.011528
3012,0.011454
3013,0.011497
3014,0.011491
3015,0.011638
3016,0.013404
3017,0.011394
3018,0.011518
3019,0.011589
3020,0.011572
3021,0.013734
3022,0.011549
3023,0.011486
3024,0.013491
3025,0.011472
3026,0.011477
3027,0.011458
3028,0.011506
3029,0.011473
3030,0.011767
3031,0.011591
3032,0.011593
3033,0.011483
3034,0.011481
3035,0.011577
3036,0.013692
3037,0.011549
3038,0.011581
3039,0.011513
3040,0.011489
3041,0.011479
3042,0.011462
3043,0.011632
3044,0.011522
3045,0.011844
3046,0.011571
3047,0.011542
3048,0.011566
3049,0.01157
3050,0.011522
3051,0.011487
3052,0.087858
3053,0.01161
3054,0.011443
3055,0.011531
3056,0.011578
3057,0.011412
3058,0.011461
3059,0.011625
3060,0.011519
3061,0.011621
3062,0.011496
3063,0.0116
3064,0.011506
3065,0.011471
3066,0.016556
3067,0.011531
3068,0.011591
3069,0.01152
3070,0.011413
3071,0.012978
3072,0.011507
3073,0.011438
3074,0.011396
3075,0.011607
3076,0.011458
3077,0.011492
3078,0.011356
3079,0.011539
3080,0.011425
3081,0.01162
3082,0.011397
3083,0.011543
3084,0.011503
3085,0.011394
3086,0.011499
3087,0.011412
3088,0.011405
3089,0.011514
3090,0.011535
3091,0.011406
3092,0.011761
3093,0.011485
3094,0.011456
3095,0.011447
3096,0.011597
3097,0.011532
3098,0.011551
3099,0.01157
3100,0.011667
3101,0.011506
3102,0.011389
3103,0.01162
3104,0.012998
3105,0.011447
3106,0.011621
3107,0.011551
3108,0.011427
3109,0.011568
3110,0.011583
3111,0.011585
3112,0.011489
3113,0.011663
3114,0.0116
3115,0.011799
3116,0.01149
3117,0.011432
3118,0.011519
3119,0.013152
3120,0.011475
3121,0.011752
3122,0.013828
3123,0.011508
3124,0.011596
3125,0.011501
3126,0.011589
3127,0.013745
3128,0.011535
3129,0.011587
3130,0.01151
3131,0.011557
3132,0.011536
3133,0.011631
3134,0.012815
3135,0.011599
3136,0.02351
3137,0.013056
3138,0.01163
3139,0.011602
3140,0.011439
3141,0.011529
3142,0.01142
3143,0.011585
3144,0.011444
3145,0.011672
3146,0.011724
3147,0.011536
3148,0.011467
3149,0.011563
3150,0.011507
3151,0.01137
3152,0.01151
3153,0.013309
3154,0.011487
3155,0.011433
3156,0.011491
3157,0.011551
3158,0.011532
3159,0.011368
3160,0.011512
3161,0.01146
3162,0.011541
3163,0.011554
3164,0.011513
3165,0.011423
3166,0.011465
3167,0.011546
3168,0.011443
3169,0.011546
3170,0.011596
3171,0.01157
3172,0.011514
3173,0.011584
3174,0.011511
3175,0.011623
3176,0.011489
3177,0.011585
3178,0.011632
3179,0.012696
3180,0.011528
3181,0.011356
3182,0.011525
3183,0.011446
3184,0.011536
3185,0.011488
3186,0.011572
3187,0.011472
3188,0.011363
3189,0.011438
3190,0.011552
3191,0.011376
3192,0.011474
3193,0.011492
3194,0.011478
3195,0.011618
3196,0.011376
3197,0.011603
3198,0.011616
3199,0.011588
3200,0.011524
3201,0.011454
3202,0.011592
3203,0.011494
3204,0.011469
3205,0.011604
3206,0.011636
3207,0.011619
3208,0.011494
3209,0.01141
3210,0.011567
3211,0.01163
3212,0.01293
3213,0.011509
3214,0.01156
3215,0.01152
3216,0.011562
3217,0.011573
3218,0.011712
3219,0.016268
3220,0.011583
3221,0.011471
3222,0.011348
3223,0.011588
3224,0.011413
3225,0.01277
3226,0.069331
3227,0.011634
3228,0.011551
3229,0.0115
3230,0.011472
3231,0.011381
3232,0.011609
3233,0.011555
3234,0.011426
3235,0.011494
3236,0.011494
3237,0.011443
3238,0.011548
3239,0.011399
3240,0.011513
3241,0.011426
3242,0.011492
3243,0.012449
3244,0.011473
3245,0.011516
3246,0.012338
3247,0.011577
3248,0.011409
3249,0.011521
3250,0.011552
3251,0.011409
3252,0.011515
3253,0.011603
3254,0.011378
3255,0.011657
3256,0.012854
3257,0.011392
3258,0.011511
3259,0.011608
3260,0.011473
3261,0.011432
3262,0.011588
3263,0.011424
3264,0.011496
3265,0.01153
3266,0.011544
3267,0.011523
3268,0.01153
3269,0.011538
3270,0.011557
3271,0.011426
3272,0.011435
3273,0.011378
3274,0.011415
3275,0.011484
3276,0.011503
3277,0.011458
3278,0.011461
3279,0.011464
3280,0.011571
3281,0.011508
3282,0.011491
3283,0.011553
3284,0.011547
3285,0.011483
3286,0.011603
3287,0.011448
3288,0.011579
3289,0.011616
3290,0.011555
3291,0.011476
3292,0.011618
3293,0.012631
3294,0.011467
3295,0.01145
3296,0.011372
3297,0.011482
3298,0.011711
3299,0.011572
3300,0.011479
3301,0.011494
3302,0.011444
3303,0.011392
3304,0.011566
3305,0.012951
3306,0.011427
3307,0.011592
3308,0.01153
3309,0.012651
3310,0.011562
3311,0.011585
3312,0.011447
3313,0.011473
3314,0.011456
3315,0.01154
3316,0.011326
3317,0.01147
3318,0.011423
3319,0.011724
3320,0.011431
3321,0.011496
3322,0.013009
3323,0.011426
3324,0.011346
3325,0.011446
3326,0.011529
3327,0.011794
3328,0.011509
3329,0.011416
3330,0.011518
3331,0.011483
3332,0.011519
3333,0.011552
3334,0.011501
3335,0.011417
3336,0.011641
3337,0.066046
3338,0.011677
3339,0.011524
3340,0.011541
3341,0.011554
3342,0.011483
3343,0.011469
3344,0.01139
3345,0.011583
3346,0.011496
3347,0.011391
3348,0.01145
3349,0.011573
3350,0.011478
3351,0.011539
3352,0.011484
3353,0.01153
3354,0.011497
3355,0.011657
3356,0.012223
3357,0.012099
3358,0.011569
3359,0.011465
3360,0.011358
3361,0.011487
3362,0.075273
3363,0.011796
3364,0.069391
3365,0.013185
3366,0.011485
3367,0.011368
3368,0.011526
3369,0.011428
3370,0.011606
3371,0.011373
3372,0.011543
3373,0.011531
3374,0.011567
3375,0.011296
3376,0.011417
3377,0.011568
3378,0.011376
3379,0.011419
3380,0.011516
3381,0.011583
3382,0.011424
3383,0.01148
3384,0.011501
3385,0.011527
3386,0.011411
3387,0.011446
3388,0.011437
3389,0.011538
3390,0.011464
3391,0.011631
3392,0.011583
3393,0.01151
3394,0.011443
3395,0.011693
3396,0.011518
3397,0.011548
3398,0.011551
3399,0.011618
3400,0.011645
3401,0.011518
3402,0.011631
3403,0.011499
3404,0.011547
3405,0.011455
3406,0.011539
3407,0.011442
3408,0.011442
3409,0.013216
3410,0.011643
3411,0.011638
3412,0.011419
3413,0.012903
3414,0.011482
3415,0.011498
3416,0.011483
3417,0.011564
3418,0.01627
3419,0.01155
3420,0.011515
3421,0.011443
3422,0.011539
3423,0.011625
3424,0.011574
3425,0.011434
3426,0.016242
3427,0.012755
3428,0.011498
3429,0.011525
3430,0.011485
3431,0.011482
3432,0.011544
3433,0.011479
3434,0.011568
3435,0.01283
3436,0.011458
3437,0.011353
3438,0.01154
3439,0.011512
3440,0.011478
3441,0.011321
3442,0.011398
3443,0.011408
3444,0.011377
3445,0.011384
3446,0.011517
3447,0.011496
3448,0.011488
3449,0.011449
3450,0.011508
3451,0.011602
3452,0.01136
3453,0.011503
3454,0.011563
3455,0.011559
3456,0.011358
3457,0.01141
3458,0.011526
3459,0.011417
3460,0.011375
3461,0.011385
3462,0.011615
3463,0.011406
3464,0.011464
3465,0.011568
3466,0.011569
3467,0.01149
3468,0.011461
3469,0.011386
3470,0.011556
3471,0.011509
3472,0.011414
3473,0.0138
3474,0.011517
3475,0.011577
3476,0.011487
3477,0.011402
3478,0.011342
3479,0.011496
3480,0.011558
3481,0.01144
3482,0.011487
3483,0.011448
3484,0.01155
3485,0.011523
3486,0.011385
3487,0.011355
3488,0.011679
3489,0.013749
3490,0.011577
3491,0.011593
3492,0.011455
3493,0.011508
3494,0.011522
3495,0.011569
3496,0.01152
3497,0.011765
3498,0.011603
3499,0.01157
3500,0.011546
3501,0.011569
3502,0.011392
3503,0.011513
3504,0.01147
3505,0.011502
3506,0.011572
3507,0.011501
3508,0.011589
3509,0.011643
3510,0.011456
3511,0.011982
3512,0.01468
3513,0.01327
3514,0.011536
3515,0.01143
3516,0.011602
3517,0.011517
3518,0.011718
3519,0.013235
3520,0.011599
3521,0.011622
3522,0.011395
3523,0.011435
3524,0.011386
3525,0.011573
3526,0.011529
3527,0.011438
3528,0.011457
3529,0.011559
3530,0.011631
3531,0.011655
3532,0.011565
3533,0.011506
3534,0.012805
3535,0.01158
3536,0.011433
3537,0.016398
3538,0.011597
3539,0.012995
3540,0.011521
3541,0.01159
3542,0.011377
3543,0.01153
3544,0.011577
3545,0.011608
3546,0.011438
3547,0.011618
3548,0.011561
3549,0.011801
3550,0.013405
3551,0.0118
3552,0.011407
3553,0.011393
3554,0.011432
3555,0.011531
3556,0.011599
3557,0.011471
3558,0.011556
3559,0.011855
3560,0.011507
3561,0.011549
3562,0.01155
3563,0.011508
3564,0.011407
3565,0.011559
3566,0.01145
3567,0.011561
3568,0.011362
3569,0.011619
3570,0.011553
3571,0.011553
3572,0.011533
3573,0.011415
3574,0.012744
3575,0.011489
3576,0.011478
3577,0.011526
3578,0.011482
3579,0.011706
3580,0.011561
3581,0.011498
3582,0.011483
3583,0.011473
3584,0.011429
3585,0.011532
3586,0.011542
3587,0.011487
3588,0.011553
3589,0.011683
3590,0.011531
3591,0.011549
3592,0.01139
3593,0.01154
3594,0.011396
3595,0.011507
3596,0.011609
3597,0.011546
3598,0.01167
3599,0.011543
3600,0.011627
3601,0.011516
3602,0.01152
3603,0.011429
3604,0.011555
3605,0.011513
3606,0.011763
3607,0.011591
3608,0.011583
3609,0.01164
3610,0.011444
3611,0.011529
3612,0.011434
3613,0.011598
3614,0.011561
3615,0.011484
3616,0.011582
3617,0.01373
3618,0.011593
3619,0.011419
3620,0.011587
3621,0.013739
3622,0.011569
3623,0.011441
3624,0.013025
3625,0.011502
3626,0.011432
3627,0.011659
3628,0.011457
3629,0.011476
3630,0.01148
3631,0.011756
3632,0.011602
3633,0.011428
3634,0.01155
3635,0.011631
3636,0.011567
3637,0.01161
3638,0.011503
3639,0.011414
3640,0.011515
3641,0.011472
3642,0.01154
3643,0.011498
3644,0.011421
3645,0.011799
3646,0.011477
3647,0.07452
3648,0.011663
3649,0.011653
3650,0.017206
3651,0.011463
3652,0.011387
3653,0.01137
3654,0.011346
3655,0.011477
3656,0.011302
3657,0.011561
3658,0.011585
3659,0.011414
3660,0.011488
3661,0.011412
3662,0.01158
3663,0.011342
3664,0.011354
3665,0.011403
3666,0.011573
3667,0.011435
3668,0.011541
3669,0.011533
3670,0.01157
3671,0.011335
3672,0.011419
3673,0.011375
3674,0.011659
3675,0.011481
3676,0.011537
3677,0.011481
3678,0.011572
3679,0.011403
3680,0.011549
3681,0.011393
3682,0.011623
3683,0.011505
3684,0.011561
3685,0.011428
3686,0.011569
3687,0.011526
3688,0.01203
3689,0.012621
3690,0.011406
3691,0.01144
3692,0.011456
3693,0.011577
3694,0.011513
3695,0.011479
3696,0.011535
3697,0.011447
3698,0.012651
3699,0.011309
3700,0.01146
3701,0.011293
3702,0.011421
3703,0.011476
3704,0.011288
3705,0.011359
3706,0.01143
3707,0.01147
3708,0.011398
3709,0.01133
3710,0.011358
3711,0.011433
3712,0.011527
3713,0.011501
3714,0.011426
3715,0.011503
3716,0.01153
3717,0.01151
3718,0.011441
3719,0.011483
3720,0.011407
3721,0.011505
3722,0.0114
3723,0.0116
3724,0.011442
3725,0.011538
3726,0.013072
3727,0.011509
3728,0.012582
3729,0.012876
3730,0.011403
3731,0.011504
3732,0.011351
3733,0.011606
3734,0.011403
3735,0.011519
3736,0.011375
3737,0.011381
3738,0.011379
3739,0.011508
3740,0.011482
3741,0.016018
3742,0.011532
3743,0.011399
3744,0.011426
3745,0.011553
3746,0.011425
3747,0.01245
3748,0.011363
3749,0.011314
3750,0.011532
3751,0.011376
3752,0.011515
3753,0.011383
3754,0.011509
3755,0.011369
3756,0.011453
3757,0.011462
3758,0.011405
3759,0.011513
3760,0.011461
3761,0.011491
3762,0.011408
3763,0.011527
3764,0.011397
3765,0.011617
3766,0.012398
3767,0.011421
3768,0.011328
3769,0.011436
3770,0.011463
3771,0.011389
3772,0.011425
3773,0.01136
3774,0.011583
3775,0.011386
3776,0.011554
3777,0.011318
3778,0.011346
3779,0.011478
3780,0.011504
3781,0.01145
3782,0.011446
3783,0.011582
3784,0.011398
3785,0.011435
3786,0.011384
3787,0.011322
3788,0.011521
3789,0.011329
3790,0.011491
3791,0.011386
3792,0.011653
3793,0.011376
3794,0.011599
3795,0.01139
3796,0.011549
3797,0.011364
3798,0.011626
3799,0.011499
3800,0.011582
3801,0.011588
3802,0.011514
3803,0.011408
3804,0.011525
3805,0.011475
3806,0.011526
3807,0.012594
3808,0.011493
3809,0.011389
3810,0.011493
3811,0.011561
3812,0.011403
3813,0.013642
3814,0.011491
3815,0.011358
3816,0.011343
3817,0.011342
3818,0.011487
3819,0.011435
3820,0.011363
3821,0.011493
3822,0.011412
3823,0.011496
3824,0.011355
3825,0.011559
3826,0.011435
3827,0.011522
3828,0.011446
3829,0.01162
3830,0.011424
3831,0.012952
3832,0.011529
3833,0.01478
3834,0.01158
3835,0.011418
3836,0.012558
3837,0.011547
3838,0.011742
3839,0.011379
3840,0.011324
3841,0.011378
3842,0.011439
3843,0.0115
3844,0.011514
3845,0.011417
3846,0.012817
3847,0.011468
3848,0.011414
3849,0.011426
3850,0.011537
3851,0.011396
3852,0.011424
3853,0.011516
3854,0.011452
3855,0.011485
3856,0.0115
3857,0.011384
3858,0.011451
3859,0.011384
3860,0.011392
3861,0.01145
3862,0.011466
3863,0.011525
3864,0.011519
3865,0.011427
3866,0.012443
3867,0.011372
3868,0.011403
3869,0.011786
3870,0.011426
3871,0.011497
3872,0.011563
3873,0.011473
3874,0.01138
3875,0.011491
3876,0.011466
3877,0.011553
3878,0.011533
3879,0.011451
3880,0.012357
3881,0.011519
3882,0.012655
3883,0.011359
3884,0.011348
3885,0.011411
3886,0.011374
3887,0.011406
3888,0.011466
3889,0.011318
3890,0.011484
3891,0.011517
3892,0.011415
3893,0.011404
3894,0.011505
3895,0.011456
3896,0.011369
3897,0.01149
3898,0.011405
3899,0.011607
3900,0.011357
3901,0.01152
3902,0.011324
3903,0.011362
3904,0.011474
3905,0.011512
3906,0.011443
3907,0.011539
3908,0.011452
3909,0.011547
3910,0.011493
3911,0.011495
3912,0.012824
3913,0.011572
3914,0.011439
3915,0.011572
3916,0.011415
3917,0.011571
3918,0.011441
3919,0.011525
3920,0.011471
3921,0.01652
3922,0.011455
3923,0.01146
3924,0.011419
3925,0.011509
3926,0.011463
3927,0.011596
3928,0.011452
3929,0.011544
3930,0.011351
3931,0.013204
3932,0.011507
3933,0.01147
3934,0.011558
3935,0.011385
3936,0.011507
3937,0.011334
3938,0.01155
3939,0.011411
3940,0.011361
3941,0.011501
3942,0.020177
3943,0.011453
3944,0.011361
3945,0.01139
3946,0.011521
3947,0.011358
3948,0.011482
3949,0.011331
3950,0.01138
3951,0.011482
3952,0.011438
3953,0.013362
3954,0.011399
3955,0.011471
3956,0.011442
3957,0.011365
3958,0.011412
3959,0.011426
3960,0.01295
3961,0.011585
3962,0.011487
3963,0.011508
3964,0.011782
3965,0.01152
3966,0.011582
3967,0.011363
3968,0.011477
3969,0.011447
3970,0.011374
3971,0.011485
3972,0.011465
3973,0.01152
3974,0.011366
3975,0.011532
3976,0.01146
3977,0.011411
3978,0.011447
3979,0.011638
3980,0.011398
3981,0.011507
3982,0.011385
3983,0.012676
3984,0.011577
3985,0.011455
3986,0.011429
3987,0.011468
3988,0.011499
3989,0.011556
3990,0.011473
3991,0.011568
3992,0.011447
3993,0.011491
3994,0.011381
3995,0.013828
3996,0.01138
3997,0.011528
3998,0.011369
3999,0.011538
4000,0.011414
4001,0.0115
4002,0.011395
4003,0.011594
4004,0.011424
4005,0.011548
4006,0.012796
4007,0.011435
4008,0.011394
4009,0.011512
4010,0.016605
4011,0.011468
4012,0.011361
4013,0.011416
4014,0.011435
4015,0.011499
4016,0.011326
4017,0.011583
4018,0.01147
4019,0.011632
4020,0.011342
4021,0.011512
4022,0.011395
4023,0.011341
4024,0.012736
4025,0.011583
4026,0.011444
4027,0.011663
4028,0.011474
4029,0.011515
4030,0.011404
4031,0.011486
4032,0.011515
4033,0.011527
4034,0.011456
4035,0.011508
4036,0.012574
4037,0.011515
4038,0.011401
4039,0.011469
4040,0.011305
4041,0.011326
4042,0.011331
4043,0.011395
4044,0.011614
4045,0.011339
4046,0.011518
4047,0.01141
4048,0.011478
4049,0.011458
4050,0.011442
4051,0.011542
4052,0.011418
4053,0.011506
4054,0.01138
4055,0.012683
4056,0.011403
4057,0.011467
4058,0.011511
4059,0.01152
4060,0.011369
4061,0.011604
4062,0.011597
4063,0.011442
4064,0.01144
4065,0.011455
4066,0.011469
4067,0.011452
4068,0.011458
4069,0.011543
4070,0.011522
4071,0.012706
4072,0.011374
4073,0.01146
4074,0.011421
4075,0.01137
4076,0.011361
4077,0.011361
4078,0.011388
4079,0.011557
4080,0.011477
4081,0.011443
4082,0.011675
4083,0.011443
4084,0.011409
4085,0.011466
4086,0.01156
4087,0.011463
4088,0.011513
4089,0.011469
4090,0.011507
4091,0.011407
4092,0.012979
4093,0.011564
4094,0.011742
4095,0.011521
4096,0.012855
4097,0.011501
4098,0.011375
4099,0.0114
4100,0.014022
4101,0.011482
4102,0.011347
4103,0.011496
4104,0.011407
4105,0.011372
4106,0.011397
4107,0.011408
4108,0.011567
4109,0.011459
4110,0.011488
4111,0.011321
4112,0.011548
4113,0.01144
4114,0.011529
4115,0.011485
4116,0.011466
4117,0.011372
4118,0.011475
4119,0.012795
4120,0.011506
4121,0.011319
4122,0.011538
4123,0.011438
4124,0.011668
4125,0.011442
4126,0.011554
4127,0.011355
4128,0.011553
4129,0.011409
4130,0.011464
4131,0.011448
4132,0.011362
4133,0.011422
4134,0.011421
4135,0.011612
4136,0.011425
4137,0.011493
4138,0.016382
4139,0.011606
4140,0.011432
4141,0.01147
4142,0.011507
4143,0.011459
4144,0.011366
4145,0.01132
4146,0.011411
4147,0.011429
4148,0.011479
4149,0.011472
4150,0.011563
4151,0.011386
4152,0.011523
4153,0.011388
4154,0.011552
4155,0.011441
4156,0.012706
4157,0.011498
4158,0.011538
4159,0.011382
4160,0.011501
4161,0.011467
4162,0.011593
4163,0.011404
4164,0.011536
4165,0.011409
4166,0.011465
4167,0.011468
4168,0.01148
4169,0.016594
4170,0.011466
4171,0.011362
4172,0.011423
4173,0.011478
4174,0.011435
4175,0.011511
4176,0.011474
4177,0.011567
4178,0.011391
4179,0.011512
4180,0.011436
4181,0.011452
4182,0.011492
4183,0.012516
4184,0.011387
4185,0.011627
4186,0.011512
4187,0.011512
4188,0.01161
4189,0.011474
4190,0.011374
4191,0.011523
4192,0.011451
4193,0.011458
4194,0.011433
4195,0.011572
4196,0.014003
4197,0.013208
4198,0.013832
4199,0.011474
4200,0.011516
4201,0.011457
4202,0.011471
4203,0.0115
4204,0.011471
4205,0.01141
4206,0.012624
4207,0.011502
4208,0.011532
4209,0.011405
4210,0.011412
4211,0.011397
4212,0.01149
4213,0.01143
4214,0.011349
4215,0.011484
4216,0.011418
4217,0.011429
4218,0.011382
4219,0.011545
4220,0.011343
4221,0.011399
4222,0.011505
4223,0.0115
4224,0.011479
4225,0.011331
4226,0.011395
4227,0.013104
4228,0.011522
4229,0.011519
4230,0.011493
4231,0.0115
4232,0.01268
4233,0.0114
4234,0.011452
4235,0.01143
4236,0.011494
4237,0.011444
4238,0.011497
4239,0.011473
4240,0.011337
4241,0.011413
4242,0.011435
4243,0.011961
4244,0.011372
4245,0.011486
4246,0.011438
4247,0.011463
4248,0.011411
4249,0.011561
4250,0.011449
4251,0.011536
4252,0.011345
4253,0.011373
4254,0.011524
4255,0.011387
4256,0.011498
4257,0.011387
4258,0.01295
4259,0.011556
4260,0.011392
4261,0.011612
4262,0.01135
4263,0.011564
4264,0.011377
4265,0.01275
4266,0.011386
4267,0.011476
4268,0.011345
4269,0.011337
4270,0.011444
4271,0.011438
4272,0.011439
4273,0.011392
4274,0.011482
4275,0.011412
4276,0.011364
4277,0.011496
4278,0.01141
4279,0.01152
4280,0.011469
4281,0.011476
4282,0.011493
4283,0.011494
4284,0.011421
4285,0.011604
4286,0.011462
4287,0.011525
4288,0.01144
4289,0.011442
4290,0.011358
4291,0.011681
4292,0.012404
4293,0.011622
4294,0.011402
4295,0.011448
4296,0.011467
4297,0.011551
4298,0.01282
4299,0.011482
4300,0.011485
4301,0.012866
4302,0.011462
4303,0.011506
4304,0.011583
4305,0.011485
4306,0.011515
4307,0.01132
4308,0.011465
4309,0.011353
4310,0.011579
4311,0.011566
4312,0.011437
4313,0.011377
4314,0.01161
4315,0.011489
4316,0.01158
4317,0.011447
4318,0.01159
4319,0.011529
4320,0.011373
4321,0.011382
4322,0.011412
4323,0.011437
4324,0.012143
4325,0.011518
4326,0.011386
4327,0.011479
4328,0.011439
4329,0.011357
4330,0.011469
4331,0.011568
4332,0.012359
4333,0.011405
4334,0.01155
4335,0.011576
4336,0.011492
4337,0.011396
4338,0.011579
4339,0.011439
4340,0.011493
4341,0.011371
4342,0.011505
4343,0.011345
4344,0.011415
4345,0.011472
4346,0.011483
4347,0.011449
4348,0.013707
4349,0.011454
4350,0.01139
4351,0.01158
4352,0.011388
4353,0.01151
4354,0.011459
4355,0.011501
4356,0.011474
4357,0.011519
4358,0.011453
4359,0.011618
4360,0.01139
4361,0.011499
4362,0.011437
4363,0.011488
4364,0.011444
4365,0.011533
4366,0.011434
4367,0.012779
4368,0.011359
4369,0.011555
4370,0.011453
4371,0.011481
4372,0.011438
4373,0.011431
4374,0.01132
4375,0.011525
4376,0.011653
4377,0.015808
4378,0.023463
4379,0.024644
4380,0.013147
4381,0.011456
4382,0.011502
4383,0.011539
4384,0.011382
4385,0.011652
4386,0.01137
4387,0.01145
4388,0.011615
4389,0.011425
4390,0.011389
4391,0.011493
4392,0.011451
4393,0.011601
4394,0.011353
4395,0.011459
4396,0.011456
4397,0.011389
4398,0.011421
4399,0.011353
4400,0.011507
4401,0.011366
4402,0.011476
4403,0.011429
4404,0.012582
4405,0.011399
4406,0.01136
4407,0.011433
4408,0.01149
4409,0.01682
4410,0.011625
4411,0.011352
4412,0.013892
4413,0.011623
4414,0.012188
4415,0.011506
4416,0.011478
4417,0.01134
4418,0.011397
4419,0.011357
4420,0.011433
4421,0.011467
4422,0.011367
4423,0.011496
4424,0.011502
4425,0.011467
4426,0.011383
4427,0.011475
4428,0.011451
4429,0.011377
4430,0.011353
4431,0.011485
4432,0.011517
4433,0.011439
4434,0.011486
4435,0.011388
4436,0.011601
4437,0.011351
4438,0.011699
4439,0.011784
4440,0.011509
4441,0.011473
4442,0.011401
4443,0.012584
4444,0.011374
4445,0.012533
4446,0.011431
4447,0.011492
4448,0.011431
4449,0.011514
4450,0.011557
4451,0.094343
4452,0.011546
4453,0.011455
4454,0.011438
4455,0.011611
4456,0.01147
4457,0.011485
4458,0.011466
4459,0.011383
4460,0.011486
4461,0.011499
4462,0.011471
4463,0.011408
4464,0.011581
4465,0.011491
4466,0.011415
4467,0.011368
4468,0.011405
4469,0.011423
4470,0.011488
4471,0.011424
4472,0.011473
4473,0.011527
4474,0.011351
4475,0.011468
4476,0.011431
4477,0.011423
4478,0.011438
4479,0.011407
4480,0.011502
4481,0.011411
4482,0.011532
4483,0.015907
4484,0.011401
4485,0.011497
4486,0.01135
4487,0.011476
4488,0.011439
4489,0.011406
4490,0.011494
4491,0.011428
4492,0.016965
4493,0.011649
4494,0.011419
4495,0.011463
4496,0.011452
4497,0.011455
4498,0.012411
4499,0.011587
4500,0.011433
4501,0.011554
4502,0.011369
4503,0.011471
4504,0.051465
4505,0.011702
4506,0.011615
4507,0.012094
4508,0.011607
4509,0.061559
4510,0.012144
4511,0.011926
4512,0.011849
4513,0.011905
4514,0.011828
4515,0.011894
4516,0.011817
4517,0.011906
4518,0.01188
4519,0.011834
4520,0.057479
4521,0.01227
4522,0.012167
4523,0.012029
4524,0.012069
4525,0.012123
4526,0.012052
4527,0.012001
4528,0.011993
4529,0.012003
4530,0.011964
4531,0.012117
4532,0.011993
4533,0.012172
4534,0.012197
4535,0.012171
4536,0.012125
4537,0.012156
4538,0.012064
4539,0.012078
4540,0.01211
4541,0.012034
4542,0.012088
4543,0.012104
4544,0.012102
4545,0.012214
4546,0.012136
4547,0.012089
4548,0.012112
4549,0.012137
4550,0.012061
4551,0.012077
4552,0.012074
4553,0.012151
4554,0.012057
